{
  "bounds": [
    -1009.8265081787109,
    201.51094116210936,
    -471.1658532714844,
    437.51720214843755
  ],
  "tile_fov_deg": 30.0,
  "tile_px": 2048
}