{
  "axis_variant": "xy",
  "residuals": {
    "inlier_ratio": 0.5013,
    "mean_trimmed": 2.367989299113576,
    "median": 2.445961090927034,
    "p90": 51.04647874900125
  },
  "scale": 1.0,
  "score": 4.332376940101772,
  "source_pkl": "/data2/marco/CoLMDriver/v2xpnp/map/v2v_corridors_vector_map.pkl",
  "theta_rad": 0.9372155734111985,
  "tx": -1065.6897246040612,
  "ty": -405.9297755999553
}