{
  "axis_variant": "neg_y_x",
  "residuals": {
    "inlier_ratio": 0.20555,
    "mean_trimmed": 22.13936363432545,
    "median": 34.81683193463374,
    "p90": 133.97903691150609
  },
  "scale": 1.0,
  "score": 0.9356730208772436,
  "source_pkl": "/data2/marco/CoLMDriver/v2xpnp/map/v2x_intersection_vector_map.pkl",
  "theta_rad": -1.5671469474895994,
  "tx": -508.20388201290797,
  "ty": 190.71559032549857
}